Psuedo ,Mutation Class,Mutation Subclass,Exon(intron),Frame
MS003,Exonic,Deletion,e5,IF
MS004,Exonic,Deletion,e1-e7,OOF
MS005,Exonic,Duplication,e55-e63,OOF
MS006,Exonic,Duplication,e21,OOF
MS010,Exonic,Duplication,e18,OOF
MS011,Exonic,Deletion,e3-e5 ,IF
MS012,Exonic,Deletion,e3-e5 ,IF
MS013,Subexonic,Nonsense,e69,OOF
MS014,Exonic,Duplication,e46-e47,OOF
MS016,Exonic,Duplication,e12,OOF
MS017,Subexonic,Nonsense,e28,OOF
MS018,Subexonic,Nonsense,e28,OOF
MS020,Subexonic,Nonsense,e41,OOF
MS025,Subexonic,Nonsense,e21,OOF
MS026,Exonic,Duplication,e21,OOF
MS027,Exonic,Duplication,e2,OOF
MS028,Subexonic,Nonsense,e57,OOF
MS029,Exonic,Duplication,e8-e11,OOF
MS031,Exonic,Duplication,e8-e13,OOF
MS032,Subexonic,Splice,i11,OOF
MS035,Exonic,Duplication,e44,OOF
MS036,Exonic,Duplication,e44-e51,OOF
MS037,Exonic,Duplication,e42-e43,OOF
MS040,Exonic,Duplication,e3-e4,IF
MS044,Exonic,Duplication,e2-e19,IF
MS045,Subexonic,Nonsense,e57,OOF
MS047,Exonic,Duplication,e43,OOF
MS048,Exonic,Deletion,e45-e79,N/A
MS049,Exonic,Duplication,e2,OOF
MS051,Subexonic,Nonsense,e68,OOF
MS505,,,e68,OOF
MS054,Exonic,Duplication,e3-e20,IF
MS057,Exonic,Deletion,e51,OOF
MS058,Exonic,Deletion,e5-e7,OOF
MS059,Exonic,Duplication,e2,OOF
MS061,Exonic,Deletion,e3,IF
MS069,Exonic,Duplication,e53-e57,OOF
MS070,Exonic,Duplication,e53-e57,OOF
MS075,Exonic,Duplication,e2-e7,IF
MS079,Exonic,Duplication,e19,OOF
MS081,Subexonic,Deletion,e57,OOF
MS085,Exonic,Duplication,e3-e7,OOF
MS087,Subexonic,Exon/Intron Junctional Deletion,e45-ei45,IF
MS092,Intronic,Pseudoexon,i47,IF
MS095,Exonic,Duplication,e44,OOF
MS096,Exonic,Duplication,e45,OOF
MS097,Exonic,Duplication,e53,OOF
MS098,Exonic,Duplication,e20,OOF
MS099,Exonic,Duplication,e5-e7,OOF
MS101,Exonic,Duplication,e46,OOF
MS103,Subexonic,Nonsense,e42,OOF
MS104,Exonic,Deletion,e55,OOF
MS110,Exonic,Deletion,e45,OOF
MS111,Exonic,Deletion,e5,IF
MS114,Subexonic,Splice,i19,OOF
MS115,Intronic,Pseudoexon,i17,OOF
MS116,Exonic,Duplication,e2,OOF
MS117,Exonic,Duplication,e12-e13,OOF
MS120,Exonic,Duplication,e8-e9,OOF
MS123,Exonic,Deletion,e45-e47,IF
MS124,Exonic,Deletion,e44,OOF
MS128,Exonic,Duplication,e3-e43,OOF
MS129,Exonic,Deletion,e45,OOF
MS130,Exonic,Deletion,e45,OOF
MS131,Exonic,Duplication,e2-e6,OOF
MS133,Exonic,Duplication,e50-e60,IF
MS134,Exonic,Deletion,e3-e48,IF
MS137,Subexonic,Nonsense,e33,OOF
MS139,Subexonic,Nonsense,e59,OOF
MS140,Subexonic,Deletion,e5,(blank)
MS141,Exonic,Deletion,e51-e55,OOF
MS142,Exonic,Duplication,e3-e4,IF
MS143,Subexonic,Nonsense,e24,OOF
MS144,Exonic,Deletion,e45-e56,OOF
MS145,Exonic,Deletion,e44,OOF
MS146,Subexonic,Splice,i62,Unk
MS147,Exonic,Duplication,e2,OOF
MS148,Subexonic,Nonsense,e1,OOF
MS149,Exonic,Deletion,e3-e7,OOF
MS150,Exonic,Deletion,e5,IF
MS151,Exonic,Duplication,e2,OOF
MS157,Exonic,Deletion,e18-e41,OOF
MS158,Exonic,Deletion,e61-e63,OOF
MS159,Subexonic,Nonsense,e31,OOF
MS160,Subexonic,Frameshift,e33,OOF
MS162,Exonic,Deletion,e13-e18,IF
MS163,Exonic,Deletion,e3-e29,IF
MS164,Exonic,Deletion,e13-e36,IF
MS165,Subexonic,Splice,i3,OOF
MS173,Subexonic,Nonsense,e23,OOF
MS174,Exonic,Duplication,e8-e11,OOF
MS177,Exonic,Duplication,e8-e13,OOF
MS179,Exonic,Deletion,e1,OOF
MS182,Exonic,Duplication,e8-e23,OOF
MS185,Subexonic,Duplication,e40,OOF
MS186,Exonic,Deletion,e7,OOF
MS187,Exonic,Deletion,e45-e54,OOF
MS189,Exonic,Duplication,e10-e11,OOF
MS192,Exonic,Deletion,e2-e21,IF
MS194,Intronic,Pseudoexon,i18,OOF
MS196,Subexonic,Exon/Intron Junctional Deletion,i7-e8,OOF
