exon_number,num_parts,five_prime_shape,five_prime_shape_direction,primary_border_color,primary_fill_color,second_border_color,second_fill_color,third_border_color,third_fill_color,three_prime_shape,three_prime_shape_direction,source,source_version,date_accessed
1,1,N/A,|,#EB6F6F,#FFCCCC,n/a,n/a,n/a,n/a,Round,),DMD map modeling reference,Dp427m ENST00000357033.9,2026-07-28
2,1,Round,),#EB6F6F,#FFCCCC,n/a,n/a,n/a,n/a,Flat,|,DMD map modeling reference,Dp427m ENST00000357033.9,2026-07-28
3,1,Flat,|,#EB6F6F,#FFCCCC,n/a,n/a,n/a,n/a,Flat,|,DMD map modeling reference,Dp427m ENST00000357033.9,2026-07-28
4,1,Flat,|,#EB6F6F,#FFCCCC,n/a,n/a,n/a,n/a,Flat,|,DMD map modeling reference,Dp427m ENST00000357033.9,2026-07-28
5,1,Flat,|,#EB6F6F,#FFCCCC,n/a,n/a,n/a,n/a,Flat,|,DMD map modeling reference,Dp427m ENST00000357033.9,2026-07-28
6,1,Flat,|,#EB6F6F,#FFCCCC,n/a,n/a,n/a,n/a,Point,>,DMD map modeling reference,Dp427m ENST00000357033.9,2026-07-28
7,1,Point,>,#EB6F6F,#FFCCCC,n/a,n/a,n/a,n/a,Round,),DMD map modeling reference,Dp427m ENST00000357033.9,2026-07-28
8,2,Round,),#EB6F6F,#FFCCCC,#4BAF89,#AEDCCA,n/a,n/a,Flat,|,DMD map modeling reference,Dp427m ENST00000357033.9,2026-07-28
9,1,Flat,|,#4BAF89,#AEDCCA,n/a,n/a,n/a,n/a,Flat,|,DMD map modeling reference,Dp427m ENST00000357033.9,2026-07-28
10,2,Flat,|,#4BAF89,#AEDCCA,#F0C266,#FFFFCC,n/a,n/a,Flat,|,DMD map modeling reference,Dp427m ENST00000357033.9,2026-07-28
11,1,Flat,|,#F0C266,#FFFFCC,n/a,n/a,n/a,n/a,Point,>,DMD map modeling reference,Dp427m ENST00000357033.9,2026-07-28
12,1,Point,>,#F0C266,#FFFFCC,n/a,n/a,n/a,n/a,Flat,|,DMD map modeling reference,Dp427m ENST00000357033.9,2026-07-28
13,1,Flat,|,#F0C266,#FFFFCC,n/a,n/a,n/a,n/a,Flat,|,DMD map modeling reference,Dp427m ENST00000357033.9,2026-07-28
14,1,Flat,|,#F0C266,#FFFFCC,n/a,n/a,n/a,n/a,Flat,|,DMD map modeling reference,Dp427m ENST00000357033.9,2026-07-28
15,1,Flat,|,#F0C266,#FFFFCC,n/a,n/a,n/a,n/a,Flat,|,DMD map modeling reference,Dp427m ENST00000357033.9,2026-07-28
16,1,Flat,|,#F0C266,#FFFFCC,n/a,n/a,n/a,n/a,Flat,|,DMD map modeling reference,Dp427m ENST00000357033.9,2026-07-28
17,3,Flat,|,#F0C266,#FFFFCC,#4BAF89,#AEDCCA,#F0C266,#FFFFCC,Point,>,DMD map modeling reference,Dp427m ENST00000357033.9,2026-07-28
18,1,Point,>,#F0C266,#FFFFCC,n/a,n/a,n/a,n/a,Flat,|,DMD map modeling reference,Dp427m ENST00000357033.9,2026-07-28
19,1,Flat,|,#F0C266,#FFFFCC,n/a,n/a,n/a,n/a,Round,),DMD map modeling reference,Dp427m ENST00000357033.9,2026-07-28
20,1,Round,),#F0C266,#FFFFCC,n/a,n/a,n/a,n/a,Flat,|,DMD map modeling reference,Dp427m ENST00000357033.9,2026-07-28
21,1,Flat,|,#F0C266,#FFFFCC,n/a,n/a,n/a,n/a,Round,),DMD map modeling reference,Dp427m ENST00000357033.9,2026-07-28
22,1,Round,),#F0C266,#FFFFCC,n/a,n/a,n/a,n/a,Flat,|,DMD map modeling reference,Dp427m ENST00000357033.9,2026-07-28
23,1,Flat,|,#F0C266,#FFFFCC,n/a,n/a,n/a,n/a,Flat,|,DMD map modeling reference,Dp427m ENST00000357033.9,2026-07-28
24,1,Flat,|,#F0C266,#FFFFCC,n/a,n/a,n/a,n/a,Flat,|,DMD map modeling reference,Dp427m ENST00000357033.9,2026-07-28
25,1,Flat,|,#F0C266,#FFFFCC,n/a,n/a,n/a,n/a,Flat,|,DMD map modeling reference,Dp427m ENST00000357033.9,2026-07-28
26,1,Flat,|,#F0C266,#FFFFCC,n/a,n/a,n/a,n/a,Flat,|,DMD map modeling reference,Dp427m ENST00000357033.9,2026-07-28
27,1,Flat,|,#F0C266,#FFFFCC,n/a,n/a,n/a,n/a,Flat,|,DMD map modeling reference,Dp427m ENST00000357033.9,2026-07-28
28,1,Flat,|,#F0C266,#FFFFCC,n/a,n/a,n/a,n/a,Flat,|,DMD map modeling reference,Dp427m ENST00000357033.9,2026-07-28
29,1,Flat,|,#F0C266,#FFFFCC,n/a,n/a,n/a,n/a,Flat,|,DMD map modeling reference,Dp427m ENST00000357033.9,2026-07-28
30,1,Flat,|,#F0C266,#FFFFCC,n/a,n/a,n/a,n/a,Flat,|,DMD map modeling reference,Dp427m ENST00000357033.9,2026-07-28
31,1,Flat,|,#F0C266,#FFFFCC,n/a,n/a,n/a,n/a,Flat,|,DMD map modeling reference,Dp427m ENST00000357033.9,2026-07-28
32,1,Flat,|,#F0C266,#FFFFCC,n/a,n/a,n/a,n/a,Flat,|,DMD map modeling reference,Dp427m ENST00000357033.9,2026-07-28
33,1,Flat,|,#F0C266,#FFFFCC,n/a,n/a,n/a,n/a,Flat,|,DMD map modeling reference,Dp427m ENST00000357033.9,2026-07-28
34,1,Flat,|,#F0C266,#FFFFCC,n/a,n/a,n/a,n/a,Flat,|,DMD map modeling reference,Dp427m ENST00000357033.9,2026-07-28
35,1,Flat,|,#F0C266,#FFFFCC,n/a,n/a,n/a,n/a,Flat,|,DMD map modeling reference,Dp427m ENST00000357033.9,2026-07-28
36,1,Flat,|,#F0C266,#FFFFCC,n/a,n/a,n/a,n/a,Flat,|,DMD map modeling reference,Dp427m ENST00000357033.9,2026-07-28
37,1,Flat,|,#F0C266,#FFFFCC,n/a,n/a,n/a,n/a,Flat,|,DMD map modeling reference,Dp427m ENST00000357033.9,2026-07-28
38,1,Flat,|,#F0C266,#FFFFCC,n/a,n/a,n/a,n/a,Flat,|,DMD map modeling reference,Dp427m ENST00000357033.9,2026-07-28
39,1,Flat,|,#F0C266,#FFFFCC,n/a,n/a,n/a,n/a,Flat,|,DMD map modeling reference,Dp427m ENST00000357033.9,2026-07-28
40,1,Flat,|,#F0C266,#FFFFCC,n/a,n/a,n/a,n/a,Flat,|,DMD map modeling reference,Dp427m ENST00000357033.9,2026-07-28
41,1,Flat,|,#F0C266,#FFFFCC,n/a,n/a,n/a,n/a,Flat,|,DMD map modeling reference,Dp427m ENST00000357033.9,2026-07-28
42,1,Flat,|,#F0C266,#FFFFCC,n/a,n/a,n/a,n/a,Point,>,DMD map modeling reference,Dp427m ENST00000357033.9,2026-07-28
43,1,Point,>,#F0C266,#FFFFCC,n/a,n/a,n/a,n/a,Flat,|,DMD map modeling reference,Dp427m ENST00000357033.9,2026-07-28
44,1,Flat,|,#F0C266,#FFFFCC,n/a,n/a,n/a,n/a,Point,>,DMD map modeling reference,Dp427m ENST00000357033.9,2026-07-28
45,1,Point,>,#F0C266,#FFFFCC,n/a,n/a,n/a,n/a,Flat,|,DMD map modeling reference,Dp427m ENST00000357033.9,2026-07-28
46,1,Flat,|,#F0C266,#FFFFCC,n/a,n/a,n/a,n/a,Flat,|,DMD map modeling reference,Dp427m ENST00000357033.9,2026-07-28
47,1,Flat,|,#F0C266,#FFFFCC,n/a,n/a,n/a,n/a,Flat,|,DMD map modeling reference,Dp427m ENST00000357033.9,2026-07-28
48,1,Flat,|,#F0C266,#FFFFCC,n/a,n/a,n/a,n/a,Flat,|,DMD map modeling reference,Dp427m ENST00000357033.9,2026-07-28
49,1,Flat,|,#F0C266,#FFFFCC,n/a,n/a,n/a,n/a,Round,),DMD map modeling reference,Dp427m ENST00000357033.9,2026-07-28
50,2,Flat,|,#F0C266,#FFFFCC,#4BAF89,#AEDCCA,n/a,n/a,Round,),DMD map modeling reference,Dp427m ENST00000357033.9,2026-07-28
51,2,Round,),#4BAF89,#AEDCCA,#F0C266,#FFFFCC,n/a,n/a,Flat,|,DMD map modeling reference,Dp427m ENST00000357033.9,2026-07-28
52,1,Flat,|,#F0C266,#FFFFCC,n/a,n/a,n/a,n/a,Round,),DMD map modeling reference,Dp427m ENST00000357033.9,2026-07-28
53,1,Round,),#F0C266,#FFFFCC,n/a,n/a,n/a,n/a,Flat,|,DMD map modeling reference,Dp427m ENST00000357033.9,2026-07-28
54,1,Flat,|,#F0C266,#FFFFCC,n/a,n/a,n/a,n/a,Point,>,DMD map modeling reference,Dp427m ENST00000357033.9,2026-07-28
55,1,Point,>,#F0C266,#FFFFCC,n/a,n/a,n/a,n/a,Flat,|,DMD map modeling reference,Dp427m ENST00000357033.9,2026-07-28
56,1,Flat,|,#F0C266,#FFFFCC,n/a,n/a,n/a,n/a,Point,>,DMD map modeling reference,Dp427m ENST00000357033.9,2026-07-28
57,1,Point,>,#F0C266,#FFFFCC,n/a,n/a,n/a,n/a,Flat,|,DMD map modeling reference,Dp427m ENST00000357033.9,2026-07-28
58,1,Flat,|,#F0C266,#FFFFCC,n/a,n/a,n/a,n/a,Round,),DMD map modeling reference,Dp427m ENST00000357033.9,2026-07-28
59,1,Round,),#F0C266,#FFFFCC,n/a,n/a,n/a,n/a,Flat,|,DMD map modeling reference,Dp427m ENST00000357033.9,2026-07-28
60,1,Flat,|,#F0C266,#FFFFCC,n/a,n/a,n/a,n/a,Flat,|,DMD map modeling reference,Dp427m ENST00000357033.9,2026-07-28
61,2,Flat,|,#F0C266,#FFFFCC,#4BAF89,#AEDCCA,n/a,n/a,Round,),DMD map modeling reference,Dp427m ENST00000357033.9,2026-07-28
62,1,Round,),#4BAF89,#AEDCCA,n/a,n/a,n/a,n/a,Point,>,DMD map modeling reference,Dp427m ENST00000357033.9,2026-07-28
63,1,Point,>,#4BAF89,#AEDCCA,n/a,n/a,n/a,n/a,Round,),DMD map modeling reference,Dp427m ENST00000357033.9,2026-07-28
64,2,Round,),#4BAF89,#AEDCCA,#4D93D9,#4D93D9,n/a,n/a,Round,),DMD map modeling reference,Dp427m ENST00000357033.9,2026-07-28
65,1,Round,),#4D93D9,#4D93D9,n/a,n/a,n/a,n/a,Point,>,DMD map modeling reference,Dp427m ENST00000357033.9,2026-07-28
66,1,Point,>,#4D93D9,#4D93D9,n/a,n/a,n/a,n/a,Round,),DMD map modeling reference,Dp427m ENST00000357033.9,2026-07-28
67,1,Round,),#4D93D9,#4D93D9,n/a,n/a,n/a,n/a,Flat,|,DMD map modeling reference,Dp427m ENST00000357033.9,2026-07-28
68,1,Flat,|,#4D93D9,#4D93D9,n/a,n/a,n/a,n/a,Point,>,DMD map modeling reference,Dp427m ENST00000357033.9,2026-07-28
69,1,Point,>,#4D93D9,#4D93D9,n/a,n/a,n/a,n/a,Flat,|,DMD map modeling reference,Dp427m ENST00000357033.9,2026-07-28
70,1,Flat,|,#D86DCD,#F0E3F4,n/a,n/a,n/a,n/a,Point,>,DMD map modeling reference,Dp427m ENST00000357033.9,2026-07-28
71,1,Point,>,#D86DCD,#F0E3F4,n/a,n/a,n/a,n/a,Point,>,DMD map modeling reference,Dp427m ENST00000357033.9,2026-07-28
72,1,Point,>,#D86DCD,#F0E3F4,n/a,n/a,n/a,n/a,Point,>,DMD map modeling reference,Dp427m ENST00000357033.9,2026-07-28
73,1,Point,>,#D86DCD,#F0E3F4,n/a,n/a,n/a,n/a,Point,>,DMD map modeling reference,Dp427m ENST00000357033.9,2026-07-28
74,1,Point,>,#D86DCD,#F0E3F4,n/a,n/a,n/a,n/a,Point,>,DMD map modeling reference,Dp427m ENST00000357033.9,2026-07-28
75,1,Point,>,#D86DCD,#F0E3F4,n/a,n/a,n/a,n/a,Flat,|,DMD map modeling reference,Dp427m ENST00000357033.9,2026-07-28
76,1,Flat,|,#D86DCD,#F0E3F4,n/a,n/a,n/a,n/a,Round,),DMD map modeling reference,Dp427m ENST00000357033.9,2026-07-28
77,1,Round,),#D86DCD,#F0E3F4,n/a,n/a,n/a,n/a,Round,),DMD map modeling reference,Dp427m ENST00000357033.9,2026-07-28
78,1,Round,),#D86DCD,#F0E3F4,n/a,n/a,n/a,n/a,Flat,|,DMD map modeling reference,Dp427m ENST00000357033.9,2026-07-28
79,1,Flat,|,#D86DCD,#F0E3F4,n/a,n/a,n/a,n/a,N/A,N/A,DMD map modeling reference,Dp427m ENST00000357033.9,2026-07-28
