mutation_record_id,id,mutation_class,mutation_subclass,start_region,stop_region,frame,phenotype,group,pct_dys_wb,cdna,rna,protein,domains_affected,expected_protein_size_kda,molecular_consequence,experimental_research_category,tissue_category_comments,general_comments,is_deleted,deleted_at,deleted_by,deletion_reason
215b7b36-d57a-46d8-a670-d5df37d3a41f,S1,Exonic,Deletion,e5,e5,In-frame,,,,,,,,,,,,,,,,
9c8b17c7-68ec-4678-8323-f6d1c01fcad3,S2,Exonic,Deletion,e1,e7,Out-of-frame,,,,,,,,,,,,,,,,
a4099777-ff39-4a26-a9e8-1ca0d7680c4e,S3,Exonic,Duplication,e55,e63,Out-of-frame,,,,,,,,,,,,,,,,
c7588e7b-4c68-437f-bd94-486f5fd42f2c,S4,Exonic,Duplication,e21,e21,Out-of-frame,,,,,,,,,,,,,,,,
13412047-f333-4d92-badd-4c7de26ad853,S5,Exonic,Duplication,e18,e18,Out-of-frame,,,,,,,,,,,,,,,,
77f3348d-c021-4632-8b6e-30b90856d382,S6,Exonic,Deletion,e3,e5,In-frame,,,,,,,,,,,,,,,,
6df0a93e-7e6a-42f5-8174-d28240856ccd,S7,Exonic,Deletion,e3,e5,In-frame,,,,,,,,,,,,,,,,
de3b3dc1-aedf-44f7-a959-bbf901f5d224,S8,Subexonic,Nonsense,e69,e69,Out-of-frame,,,,,,,,,,,,,,,,
c5a17561-b4e3-46ef-b480-e508ccaca5f1,S9,Exonic,Duplication,e46,e47,Out-of-frame,,,,,,,,,,,,,,,,
7a89f3b1-baa0-4453-b2c8-7d88d128d528,S10,Exonic,Duplication,e12,e12,Out-of-frame,,,,,,,,,,,,,,,,
607b4632-f214-4056-abd4-f404d52e6d8f,S11,Subexonic,Nonsense,e28,e28,Out-of-frame,,,,,,,,,,,,,,,,
8f2b9a9e-d8ae-452a-a73b-e19a349cbe63,S12,Subexonic,Nonsense,e28,e28,Out-of-frame,,,,,,,,,,,,,,,,
eeb86f5a-ee83-4b6d-bb29-a1471b150092,S13,Subexonic,Nonsense,e41,e41,Out-of-frame,,,,,,,,,,,,,,,,
23283c1a-eb6e-4854-acdc-4a0c81a78015,S14,Subexonic,Nonsense,e21,e21,Out-of-frame,,,,,,,,,,,,,,,,
9dc083ff-2888-4714-b44f-71401e635551,S15,Exonic,Duplication,e21,e21,Out-of-frame,,,,,,,,,,,,,,,,
928a8ac2-da5b-4721-96f1-cb38c6f21849,S16,Exonic,Duplication,e2,e2,Out-of-frame,,,,,,,,,,,,,,,,
a9bd40cf-ed8a-4a99-ab4c-1c830fa77b86,S17,Subexonic,Nonsense,e57,e57,Out-of-frame,,,,,,,,,,,,,,,,
612f5bfa-9fd9-4feb-8ec9-5390af0b81ab,S18,Exonic,Duplication,e8,e11,Out-of-frame,,,,,,,,,,,,,,,,
01159ed9-19a4-4042-bf93-ff0d8822ac61,S19,Exonic,Duplication,e8,e13,Out-of-frame,,,,,,,,,,,,,,,,
58e7134f-be75-430e-966e-980722f2e8b9,S20,Subexonic,Splice,i11,i11,Out-of-frame,,,,,,,,,,,,,,,,
1680140c-953b-4ab9-bcfa-5da508c58527,S21,Exonic,Duplication,e44,e44,Out-of-frame,,,,,,,,,,,,,,,,
3ca56591-e7dc-40d6-ae5b-49066acdfbca,S22,Exonic,Duplication,e44,e51,Out-of-frame,,,,,,,,,,,,,,,,
bd929e67-3c91-47cf-9bc6-59dfcf8ff413,S23,Exonic,Duplication,e42,e43,Out-of-frame,,,,,,,,,,,,,,,,
9f5913cc-6b2e-4369-9c46-73706061de50,S24,Exonic,Duplication,e3,e4,In-frame,,,,,,,,,,,,,,,,
9977892a-9d4e-44d6-b87c-907984cbc242,S25,Exonic,Duplication,e2,e19,In-frame,,,,,,,,,,,,,,,,
284aa44a-5fef-431b-b624-1dd6ba0b65aa,S26,Subexonic,Nonsense,e57,e57,Out-of-frame,,,,,,,,,,,,,,,,
debd3e82-df36-4636-bc51-1140143401ef,S27,Exonic,Duplication,e43,e43,Out-of-frame,,,,,,,,,,,,,,,,
031821f3-daf6-4713-a36a-45f09f79c6ee,S28,Exonic,Deletion,e45,e79,,,,,,,,,,,,,,,,,
537ecdb0-8661-4acb-bfa5-24541dfa6a88,S29,Exonic,Duplication,e2,e2,Out-of-frame,,,,,,,,,,,,,,,,
8938d6d3-9f78-41c4-adb3-798d75fa9760,S30,Subexonic,Nonsense,e68,e68,Out-of-frame,,,,,,,,,,,,,,,,
1dfcb744-7cac-4ca5-ac4f-2f724e8b3b0e,S31,,,e68,e68,Out-of-frame,,,,,,,,,,,,,,,,
feab232d-6272-4c4f-9133-8acd3ff7aede,S32,Exonic,Duplication,e3,e20,In-frame,,,,,,,,,,,,,,,,
6f538e02-3148-4db9-bbdd-c63038bb53c5,S33,Exonic,Deletion,e51,e51,Out-of-frame,,,,,,,,,,,,,,,,
dd4d0497-c916-4b25-97de-8f23dfee75cc,S34,Exonic,Deletion,e5,e7,Out-of-frame,,,,,,,,,,,,,,,,
02160618-bd95-4020-a94f-4925bbb70c17,S35,Exonic,Duplication,e2,e2,Out-of-frame,,,,,,,,,,,,,,,,
07f72f3c-9612-4c91-8a47-d9af04379e5b,S36,Exonic,Deletion,e3,e3,In-frame,,,,,,,,,,,,,,,,
aa969d83-d6ea-4827-a3f1-24367b368658,S37,Exonic,Duplication,e53,e57,Out-of-frame,,,,,,,,,,,,,,,,
3ff2d401-3f4d-4cfd-b792-d8792146356b,S38,Exonic,Duplication,e53,e57,Out-of-frame,,,,,,,,,,,,,,,,
81857da9-5851-4ccd-9657-9c74c7e3f699,S39,Exonic,Duplication,e2,e7,In-frame,,,,,,,,,,,,,,,,
41ae699d-7fa9-4312-bedb-cf660869d748,S40,Exonic,Duplication,e19,e19,Out-of-frame,,,,,,,,,,,,,,,,
094067b3-251b-44dd-85e2-d83045b62747,S41,Subexonic,Deletion,e57,e57,Out-of-frame,,,,,,,,,,,,,,,,
357c6cff-ee1c-461c-abe8-69c3670714e6,S42,Exonic,Duplication,e3,e7,Out-of-frame,,,,,,,,,,,,,,,,
3d296aec-9709-434b-bf5a-b6a3f6475293,S43,Subexonic,Exon/Intron Junctional Deletion,e45-ei45,e45-ei45,In-frame,,,,,,,,,,,,,,,,
8e41c2ed-2b9b-4b91-9d31-d780945b869d,S44,Intronic,Pseudoexon,i47,i47,In-frame,,,,,,,,,,,,,,,,
e10bd3bc-4c3a-463b-be37-0c7745c77509,S45,Exonic,Duplication,e44,e44,Out-of-frame,,,,,,,,,,,,,,,,
9d06a743-6436-4671-aaf1-ae36022cc30a,S46,Exonic,Duplication,e45,e45,Out-of-frame,,,,,,,,,,,,,,,,
396ca91a-fdce-4c31-9e80-2756e7fd0365,S47,Exonic,Duplication,e53,e53,Out-of-frame,,,,,,,,,,,,,,,,
b908f0e7-cfa7-478f-b04a-541bf002b9d0,S48,Exonic,Duplication,e20,e20,Out-of-frame,,,,,,,,,,,,,,,,
945750c5-15f7-4e3b-aa20-263c13143d71,S49,Exonic,Duplication,e5,e7,Out-of-frame,,,,,,,,,,,,,,,,
5859f2cb-30fa-45af-acc1-4d3d56157745,S50,Exonic,Duplication,e46,e46,Out-of-frame,,,,,,,,,,,,,,,,
899c74c0-d428-492d-814e-027aca257851,S51,Subexonic,Nonsense,e42,e42,Out-of-frame,,,,,,,,,,,,,,,,
0b729c6e-8482-4dbf-b1e9-bbcfe4a75275,S52,Exonic,Deletion,e55,e55,Out-of-frame,,,,,,,,,,,,,,,,
f8adec41-5442-4999-a9ed-a5413037e10f,S53,Exonic,Deletion,e45,e45,Out-of-frame,,,,,,,,,,,,,,,,
3df60492-005c-4277-9a47-e13b1a3a3177,S54,Exonic,Deletion,e5,e5,In-frame,,,,,,,,,,,,,,,,
651eadff-6dcb-4764-bb4d-62033f8ae63d,S55,Subexonic,Splice,i19,i19,Out-of-frame,,,,,,,,,,,,,,,,
e515eadc-e7dd-45f1-b6f6-0f33924518a4,S56,Intronic,Pseudoexon,i17,i17,Out-of-frame,,,,,,,,,,,,,,,,
46194782-d2d6-4d1e-b086-6358ed66ce55,S57,Exonic,Duplication,e2,e2,Out-of-frame,,,,,,,,,,,,,,,,
a960589d-b443-4460-ad37-bee6d0ffc52a,S58,Exonic,Duplication,e12,e13,Out-of-frame,,,,,,,,,,,,,,,,
0cde9c8d-64f3-4771-9995-33da28a243bc,S59,Exonic,Duplication,e8,e9,Out-of-frame,,,,,,,,,,,,,,,,
1aeb5264-3271-488f-a0a3-c1722a208fb9,S60,Exonic,Deletion,e45,e47,In-frame,,,,,,,,,,,,,,,,
81fbc4bd-e4b9-406e-965c-cb766bf8a497,S61,Exonic,Deletion,e44,e44,Out-of-frame,,,,,,,,,,,,,,,,
b4d6410c-a842-4c5d-bfa4-e2ea9a1adce7,S62,Exonic,Duplication,e3,e43,Out-of-frame,,,,,,,,,,,,,,,,
11023556-292d-4414-88c4-c2bb3cacba57,S63,Exonic,Deletion,e45,e45,Out-of-frame,,,,,,,,,,,,,,,,
94eb7571-992b-49c3-8fe6-d6cf48161a6b,S64,Exonic,Deletion,e45,e45,Out-of-frame,,,,,,,,,,,,,,,,
39945b9c-4f0b-409b-9a83-c8be686ffe4d,S65,Exonic,Duplication,e2,e6,Out-of-frame,,,,,,,,,,,,,,,,
ebc4c283-6514-4fcd-bf64-03ae63886c1d,S66,Exonic,Duplication,e50,e60,In-frame,,,,,,,,,,,,,,,,
d4335f54-053c-4afd-bff3-3d9d348602de,S67,Exonic,Deletion,e3,e48,In-frame,,,,,,,,,,,,,,,,
cccbd61b-6759-4299-b995-194197e89cc0,S68,Subexonic,Nonsense,e33,e33,Out-of-frame,,,,,,,,,,,,,,,,
53ab0454-7b8e-4855-8b58-b74859f55c61,S69,Subexonic,Nonsense,e59,e59,Out-of-frame,,,,,,,,,,,,,,,,
4e5f97e3-6bd8-411f-8bab-3e53ea931ca3,S70,Subexonic,Deletion,e5,e5,,,,,,,,,,,,,,,,,
8b48b542-8a31-457d-bb4f-1cf922e509f6,S71,Exonic,Deletion,e51,e55,Out-of-frame,,,,,,,,,,,,,,,,
18ef240f-eddc-4635-949a-403fb537a9ac,S72,Exonic,Duplication,e3,e4,In-frame,,,,,,,,,,,,,,,,
4c37f11e-4503-4026-90af-d4532164c2e8,S73,Subexonic,Nonsense,e24,e24,Out-of-frame,,,,,,,,,,,,,,,,
7630a29b-421b-4556-981b-61429129bab7,S74,Exonic,Deletion,e45,e56,Out-of-frame,,,,,,,,,,,,,,,,
8338383a-7a9f-48eb-81a0-5aa94019a518,S75,Exonic,Deletion,e44,e44,Out-of-frame,,,,,,,,,,,,,,,,
bcbff0b7-da43-44e5-b83b-0391083c8d4e,S76,Subexonic,Splice,i62,i62,Cannot determine,,,,,,,,,,,,,,,,
81f7eeb9-68c4-4253-9dc8-b14cbf31617a,S77,Exonic,Duplication,e2,e2,Out-of-frame,,,,,,,,,,,,,,,,
0c2556e4-0c08-4dc7-9885-c50397886875,S78,Subexonic,Nonsense,e1,e1,Out-of-frame,,,,,,,,,,,,,,,,
ea904b6f-d9da-4570-a1a9-c098a85f09b4,S79,Exonic,Deletion,e3,e7,Out-of-frame,,,,,,,,,,,,,,,,
e3592f63-c104-45a9-8014-ef4c74c2be34,S80,Exonic,Deletion,e5,e5,In-frame,,,,,,,,,,,,,,,,
6b498372-01fe-42b3-820e-b422cf4ca2c8,S81,Exonic,Duplication,e2,e2,Out-of-frame,,,,,,,,,,,,,,,,
302c5eb5-3a55-4369-9b9a-2d8ec32bb864,S82,Exonic,Deletion,e18,e41,Out-of-frame,,,,,,,,,,,,,,,,
7b9609ab-3e07-4b77-8ead-67fe8805584f,S83,Exonic,Deletion,e61,e63,Out-of-frame,,,,,,,,,,,,,,,,
2a0042b8-7fd1-4d68-b344-4a4148dd508f,S84,Subexonic,Nonsense,e31,e31,Out-of-frame,,,,,,,,,,,,,,,,
359af909-8016-4df9-8c3a-485e640da379,S85,Subexonic,Frameshift,e33,e33,Out-of-frame,,,,,,,,,,,,,,,,
5b891293-a59e-4cb4-88a3-f39cb34b62c1,S86,Exonic,Deletion,e13,e18,In-frame,,,,,,,,,,,,,,,,
f49328be-ddd4-4ee7-9eed-898bdeed5230,S87,Exonic,Deletion,e3,e29,In-frame,,,,,,,,,,,,,,,,
7f9f09e9-f97c-4695-aad2-a9ecfd8378c5,S88,Exonic,Deletion,e13,e36,In-frame,,,,,,,,,,,,,,,,
256f8d6b-d2c0-4837-9062-168c85f162ec,S89,Subexonic,Splice,i3,i3,Out-of-frame,,,,,,,,,,,,,,,,
bbb46505-3eeb-4028-aa15-186a48c68818,S90,Subexonic,Nonsense,e23,e23,Out-of-frame,,,,,,,,,,,,,,,,
36465cac-16a0-467f-a2f4-ee790bdf375f,S91,Exonic,Duplication,e8,e11,Out-of-frame,,,,,,,,,,,,,,,,
03e49a03-2e9a-46d3-a49c-b633b33648af,S92,Exonic,Duplication,e8,e13,Out-of-frame,,,,,,,,,,,,,,,,
3f77cebe-df0c-44a6-8029-d9d98396d3d7,S93,Exonic,Deletion,e1,e1,Out-of-frame,,,,,,,,,,,,,,,,
1275e2aa-dbd8-4278-8b21-13527ccf43d2,S94,Exonic,Duplication,e8,e23,Out-of-frame,,,,,,,,,,,,,,,,
2fa4ad4f-af46-4052-97c8-8465b23e5dfc,S95,Subexonic,Duplication,e40,e40,Out-of-frame,,,,,,,,,,,,,,,,
87941ade-3dcb-451b-a1f0-f33e4ce0e620,S96,Exonic,Deletion,e7,e7,Out-of-frame,,,,,,,,,,,,,,,,
32376bce-c77a-4fe8-9b3c-f357fac75adb,S97,Exonic,Deletion,e45,e54,Out-of-frame,,,,,,,,,,,,,,,,
be5cee97-bcb6-4675-88c1-9d9dc6369821,S98,Exonic,Duplication,e10,e11,Out-of-frame,,,,,,,,,,,,,,,,
10179765-cdb3-4593-a2b2-1830f73a8e17,S99,Exonic,Deletion,e2,e21,In-frame,,,,,,,,,,,,,,,,
2c95c4e4-8c53-4a38-bda1-4f592a480a5f,S100,Intronic,Pseudoexon,i18,i18,Out-of-frame,,,,,,,,,,,,,,,,
78e02f9c-15de-4430-9fb0-d79dc5eda4e7,S101,Subexonic,Exon/Intron Junctional Deletion,i7,e8,Out-of-frame,,,,,,,,,,,,,,,,
